{"displayFieldName":"","fieldAliases":{"OID":"OID","ClassValue":"ClassValue","C_11":"C_11","C_21":"C_21","C_22":"C_22","C_23":"C_23","C_31":"C_31","Total":"Total","U_Accuracy":"U_Accuracy","Kappa":"Kappa"},"fields":[{"name":"OID","type":"esriFieldTypeOID","alias":"OID"},{"name":"ClassValue","type":"esriFieldTypeString","alias":"ClassValue","length":254},{"name":"C_11","type":"esriFieldTypeDouble","alias":"C_11"},{"name":"C_21","type":"esriFieldTypeDouble","alias":"C_21"},{"name":"C_22","type":"esriFieldTypeDouble","alias":"C_22"},{"name":"C_23","type":"esriFieldTypeDouble","alias":"C_23"},{"name":"C_31","type":"esriFieldTypeDouble","alias":"C_31"},{"name":"Total","type":"esriFieldTypeDouble","alias":"Total"},{"name":"U_Accuracy","type":"esriFieldTypeDouble","alias":"U_Accuracy"},{"name":"Kappa","type":"esriFieldTypeDouble","alias":"Kappa"}],"features":[{"attributes":{"OID":0,"ClassValue":"C_11","C_11":56,"C_21":0,"C_22":2,"C_23":1,"C_31":1,"Total":60,"U_Accuracy":0.93333333333299995,"Kappa":0}},{"attributes":{"OID":1,"ClassValue":"C_21","C_11":0,"C_21":10,"C_22":0,"C_23":0,"C_31":0,"Total":10,"U_Accuracy":1,"Kappa":0}},{"attributes":{"OID":2,"ClassValue":"C_22","C_11":0,"C_21":0,"C_22":10,"C_23":0,"C_31":0,"Total":10,"U_Accuracy":1,"Kappa":0}},{"attributes":{"OID":3,"ClassValue":"C_23","C_11":4,"C_21":0,"C_22":2,"C_23":14,"C_31":5,"Total":25,"U_Accuracy":0.56000000000000005,"Kappa":0}},{"attributes":{"OID":4,"ClassValue":"C_31","C_11":0,"C_21":0,"C_22":0,"C_23":2,"C_31":8,"Total":10,"U_Accuracy":0.80000000000000004,"Kappa":0}},{"attributes":{"OID":5,"ClassValue":"Total","C_11":60,"C_21":10,"C_22":14,"C_23":17,"C_31":14,"Total":115,"U_Accuracy":0,"Kappa":0}},{"attributes":{"OID":6,"ClassValue":"P_Accuracy","C_11":0.93333333333299995,"C_21":1,"C_22":0.71428571428599996,"C_23":0.82352941176500005,"C_31":0.57142857142900005,"Total":0,"U_Accuracy":0.85217391304300005,"Kappa":0}},{"attributes":{"OID":7,"ClassValue":"Kappa","C_11":0,"C_21":0,"C_22":0,"C_23":0,"C_31":0,"Total":0,"U_Accuracy":0,"Kappa":0.77834467120200002}}]}996,"C_23":0.82352941176500005,"C_31":0.57142857142900005,"Total":0,"U_Accuracy":0.83760683760700005,"Kappa":0}},{"attributes":{"OID":8,"ClassValue":"Kappa","C_0":0,"C_11":0,"C_21":0,"C_22":0,"C_23":0,"C_31":0,"Total":0,"U_Accuracy":0,"Kappa":0.757420340463}}]}