<?xml version="1.0" encoding="UTF-8"?>
<metadata xml:lang="en"><Esri><CreaDate>20190921</CreaDate><CreaTime>10571300</CreaTime><ArcGISFormat>1.0</ArcGISFormat><SyncOnce>TRUE</SyncOnce><DataProperties><lineage><Process ToolSource="c:\program files\arcgis\pro\Resources\ArcToolbox\toolboxes\Spatial Analyst Tools.tbx\ComputeConfusionMatrix" Date="20190921" Time="105713">ComputeConfusionMatrix dorian_assesment_points C:\Users\bmtski\RIT\Dissertation\presentations\CRC_Press_Book\Second_Edition\Chapters\chapter_10_special_Topics\C10_Exercises\Exercise_10_1\dev\datasets\assessment_data\dorian_confusion_matrix.dbf</Process></lineage></DataProperties></Esri></metadata>
