<metadata xml:lang="en"><mdLang><languageCode value="eng"/><countryCode value="USA"/></mdLang><mdChar><CharSetCd value="004"/></mdChar><mdHrLv><ScopeCd value="005"/></mdHrLv><mdContact><rpIndName>Lucy Stanfield</rpIndName><rpOrgName>US EPA Region 5</rpOrgName><rpPosName>GIS Specialist</rpPosName><rpCntInfo><cntPhone><voiceNum>312-886-1121</voiceNum></cntPhone><cntAddress><delPoint>77 W. Jackson Blvd. LP-17J</delPoint><city>Chicago</city><adminArea>IL</adminArea><postCode>60604</postCode><country>US</country><eMailAdd>stanfield.lucy@epa.gov</eMailAdd></cntAddress></rpCntInfo><role><RoleCd value="007"/></role></mdContact><mdDateSt>20180214</mdDateSt><mdStanName>ArcGIS Metadata</mdStanName><mdStanVer>1.0</mdStanVer><distInfo><distFormat><formatVer>ArcGIS 10.5.1</formatVer><formatName>File Geodatabase Feature Class</formatName></distFormat><distTranOps><transSize>0.018</transSize><onLineSrc><linkage>https://edg.epa.gov/data/PUBLIC/R5/EDGddrd.zip</linkage><orFunct><OnFunctCd value="001"/></orFunct></onLineSrc><onLineSrc><linkage>https://www.epa.gov/large-scale-residential-demolition/disaster-debris-recovery-database</linkage><orFunct><OnFunctCd value="005"/></orFunct></onLineSrc></distTranOps></distInfo><dataIdInfo><idCitation><resTitle>Recovery</resTitle><date><createDate>2017-12-18T00:00:00</createDate><pubDate>2017-12-18T00:00:00</pubDate></date><presForm><PresFormCd value="005"/></presForm></idCitation><idAbs>The US EPA Disaster Debris Recovery Database (DDRD) promotes the proper recovery, recycling, and disposal of disaster debris for emergency responders at the federal, state, and local levels and includes a directory of 12 types of facilities in 13 states. The DDRD includes public datasets of almost 6,000 composting facilities, demolition contractors, transfer stations, landfills and recycling facilities for construction and demolition materials, electronics, household hazardous waste, metals, tires, and vehicles in the states of Illinois, Indiana, Iowa, Kentucky, Michigan, Minnesota, Missouri, North Dakota, Ohio, Pennsylvania, South Dakota, West Virginia and Wisconsin. In this update, the landfill data were gathered from state environmental agencies in August 2017. Also, the datasets for composters, construction and demolition recyclers, demolition contractors, and metals recyclers were verified and source information added for each record using these sources: AGC, Biocycle, BMRA, CDRA, ISRI, NDA, USCC, FEMA Debris Removal Contractor Registry, EPA Facility Registry System, and State and local listings.</idAbs><idPoC><rpIndName>Lucy Stanfield</rpIndName><rpOrgName>US EPA Region 5</rpOrgName><rpPosName>GIS Specialist</rpPosName><rpCntInfo><cntPhone><voiceNum>312-886-1121</voiceNum></cntPhone><cntAddress><delPoint>77 W. Jackson Blvd. LP-17J</delPoint><city>Chicago</city><adminArea>IL</adminArea><postCode>60604</postCode><country>US</country><eMailAdd>stanfield.lucy@epa.gov</eMailAdd></cntAddress></rpCntInfo><role><RoleCd value="007"/></role></idPoC><idPoC><rpIndName>Lucy Stanfield</rpIndName><rpOrgName>US EPA Region 5</rpOrgName><rpPosName>GIS Specialist</rpPosName><rpCntInfo><cntPhone><voiceNum>312-886-1121</voiceNum></cntPhone><cntAddress><delPoint>77 W. Jackson Blvd LP-17J</delPoint><city>Chicago</city><adminArea>IL</adminArea><postCode>60604</postCode><country>US</country><eMailAdd>stanfield.lucy@epa.gov</eMailAdd></cntAddress></rpCntInfo><role><RoleCd value="010"/></role></idPoC><resMaint><maintFreq><MaintFreqCd value="008"/></maintFreq><dateNext>20181001</dateNext></resMaint><placeKeys><thesaName><resTitle>EPA Place Names</resTitle><date><pubDate>2015-01-31T00:00:00</pubDate></date></thesaName><keyword>South Dakota</keyword><keyword>Minnesota</keyword><keyword>North Dakota</keyword><keyword>Missouri</keyword><keyword>West Virginia</keyword><keyword>Wisconsin</keyword><keyword>Illinois</keyword><keyword>Indiana</keyword><keyword>Iowa</keyword><keyword>Ohio</keyword><keyword>Kentucky</keyword><keyword>Pennsylvania</keyword><keyword>Michigan</keyword></placeKeys><themeKeys><thesaName><resTitle>Federal Program Inventory</resTitle><date><pubDate>2013-09-16T00:00:00</pubDate></date></thesaName><keyword>020:089</keyword></themeKeys><themeKeys><thesaName><resTitle>EPA GIS Keyword Thesaurus</resTitle><date><pubDate>2007-11-02T00:00:00</pubDate></date></thesaName><keyword>Response</keyword><keyword>Sites</keyword><keyword>Waste</keyword><keyword>Environment</keyword><keyword>Disaster</keyword><keyword>Emergency</keyword></themeKeys><resConst><LegConsts><useLimit>EPA Public Domain License</useLimit><othConsts>https://edg.epa.gov/EPA_Data_License.html</othConsts></LegConsts></resConst><resConst><SecConsts><class><ClasscationCd value="001"/></class></SecConsts></resConst><resConst><Consts><useLimit>Please check sources, scale, accuracy, currency and other available information. Please confirm that you are using the most recent copy of both data and metadata.</useLimit></Consts></resConst><spatRpType><SpatRepTypCd value="001"/></spatRpType><dataLang><languageCode value="eng"/><countryCode value="USA"/></dataLang><dataChar><CharSetCd value="004"/></dataChar><dataExt><geoEle><GeoBndBox><exTypeCode>true</exTypeCode><westBL>-103.992934</westBL><eastBL>-74.756696</eastBL><southBL>36.690875</southBL><northBL>48.986632</northBL></GeoBndBox></geoEle><tempEle><TempExtent><exTemp><TM_Period gmlID="ID0EKC"><tmBegin>2017-12-18T00:00:00</tmBegin><tmEnd>2017-12-18T00:00:00</tmEnd></TM_Period></exTemp></TempExtent></tempEle></dataExt><tpCat><TopicCatCd value="007"/></tpCat><tpCat><TopicCatCd value="013"/></tpCat><envirDesc> Version 6.2 (Build 9200) ; Esri ArcGIS 10.5.1.7333</envirDesc><dataExt><geoEle><GeoBndBox esriExtentType="search"><exTypeCode>1</exTypeCode><westBL>-103.986600</westBL><eastBL>-74.760394</eastBL><northBL>48.950137</northBL><southBL>36.523807</southBL></GeoBndBox></geoEle></dataExt></dataIdInfo><mdMaint><maintFreq><MaintFreqCd value="008"/></maintFreq><dateNext>2018-10-01T00:00:00</dateNext></mdMaint><refSysInfo><RefSystem dimension="horizontal"><refSysID><identCode code="4269"/><idVersion>8.5(10.2.1)</idVersion><idCodeSpace>EPSG</idCodeSpace></refSysID></RefSystem></refSysInfo><eainfo><detailed Name="EPA_Recovery_Centers"><enttyp><enttypl>Recovery</enttypl><enttypd>the type of data file</enttypd><enttypds>ESRI</enttypds><enttypt Sync="TRUE">Feature Class</enttypt><enttypc Sync="TRUE">0</enttypc></enttyp><attr><attrlabl Sync="TRUE">FID</attrlabl><attalias Sync="TRUE">FID</attalias><attrtype Sync="TRUE">OID</attrtype><attwidth Sync="TRUE">4</attwidth><atprecis Sync="TRUE">0</atprecis><attscale Sync="TRUE">0</attscale><attrdef Sync="TRUE">Internal feature number.</attrdef><attrdefs Sync="TRUE">Esri</attrdefs><attrdomv><udom Sync="TRUE">Sequential unique whole numbers that are automatically generated.</udom></attrdomv></attr><attr><attrlabl>Shape</attrlabl><attrdef>Feature geometry.</attrdef><attrdefs>Esri</attrdefs><attrdomv><udom>Coordinates defining the features.</udom></attrdomv><attalias Sync="TRUE">Shape</attalias><attrtype Sync="TRUE">Geometry</attrtype><attwidth Sync="TRUE">0</attwidth><atprecis Sync="TRUE">0</atprecis><attscale Sync="TRUE">0</attscale></attr><attr><attrlabl>Company</attrlabl><attrdef>The name of the recovery facility at the location. The recovery facility owner may have a different company name.</attrdef><attrdefs>EPA</attrdefs><attalias Sync="TRUE">Company</attalias><attrtype Sync="TRUE">String</attrtype><attwidth Sync="TRUE">254</attwidth><atprecis Sync="TRUE">0</atprecis><attscale Sync="TRUE">0</attscale></attr><attr><attrlabl>Address</attrlabl><attrdef>Street address of the recovery facility location</attrdef><attrdefs>EPA</attrdefs><attalias Sync="TRUE">Address</attalias><attrtype Sync="TRUE">String</attrtype><attwidth Sync="TRUE">254</attwidth><atprecis Sync="TRUE">0</atprecis><attscale Sync="TRUE">0</attscale></attr><attr><attrlabl>City</attrlabl><attrdef>Location city of the recovery facility</attrdef><attrdefs>EPA</attrdefs><attalias Sync="TRUE">City</attalias><attrtype Sync="TRUE">String</attrtype><attwidth Sync="TRUE">254</attwidth><atprecis Sync="TRUE">0</atprecis><attscale Sync="TRUE">0</attscale></attr><attr><attrlabl>State</attrlabl><attrdef>Location state of the recovery facility</attrdef><attrdefs>EPA</attrdefs><attalias Sync="TRUE">State</attalias><attrtype Sync="TRUE">String</attrtype><attwidth Sync="TRUE">254</attwidth><atprecis Sync="TRUE">0</atprecis><attscale Sync="TRUE">0</attscale></attr><attr><attrlabl>Zip</attrlabl><attrdef>Location zipcode of the recovery</attrdef><attrdefs>EPA</attrdefs><attalias Sync="TRUE">Zip</attalias><attrtype Sync="TRUE">Double</attrtype><attwidth Sync="TRUE">19</attwidth><atprecis Sync="TRUE">0</atprecis><attscale Sync="TRUE">0</attscale></attr><attr><attrlabl>Phone</attrlabl><attrdef>Location phone number of the recovery facility</attrdef><attrdefs>EPA</attrdefs><attalias Sync="TRUE">Phone</attalias><attrtype Sync="TRUE">String</attrtype><attwidth Sync="TRUE">254</attwidth><atprecis Sync="TRUE">0</atprecis><attscale Sync="TRUE">0</attscale></attr><attr><attrlabl>Latitude</attrlabl><attrdef>Location latitude coordinate in decimal degrees</attrdef><attrdefs>EPA</attrdefs><attalias Sync="TRUE">Latitude</attalias><attrtype Sync="TRUE">Double</attrtype><attwidth Sync="TRUE">19</attwidth><atprecis Sync="TRUE">0</atprecis><attscale Sync="TRUE">0</attscale></attr><attr><attrlabl>Longitude</attrlabl><attrdef>Location Longitude coordinate in decimal degrees</attrdef><attrdefs>EPA</attrdefs><attalias Sync="TRUE">Longitude</attalias><attrtype Sync="TRUE">Double</attrtype><attwidth Sync="TRUE">19</attwidth><atprecis Sync="TRUE">0</atprecis><attscale Sync="TRUE">0</attscale></attr><attr><attrlabl>Recovery</attrlabl><attrdef>Yes is facility is a Recovery facility</attrdef><attrdefs>EPA</attrdefs><attalias Sync="TRUE">Recovery</attalias><attrtype Sync="TRUE">Integer</attrtype><attwidth Sync="TRUE">10</attwidth><atprecis Sync="TRUE">10</atprecis><attscale Sync="TRUE">0</attscale></attr><attr><attrlabl>Landfill</attrlabl><attrdef>Yes is facility is a Landfill facility</attrdef><attrdefs>EPA</attrdefs><attalias Sync="TRUE">Landfill</attalias><attrtype Sync="TRUE">Integer</attrtype><attwidth Sync="TRUE">10</attwidth><atprecis Sync="TRUE">10</atprecis><attscale Sync="TRUE">0</attscale></attr><attr><attrlabl>C_D</attrlabl><attrdef>Yes is facility is a Construction &amp; Demolition recycling facility</attrdef><attrdefs>EPA</attrdefs><attalias Sync="TRUE">C_D</attalias><attrtype Sync="TRUE">Integer</attrtype><attwidth Sync="TRUE">10</attwidth><atprecis Sync="TRUE">10</atprecis><attscale Sync="TRUE">0</attscale></attr><attr><attrlabl>Composting</attrlabl><attrdef>Yes is facility is a Composting facility</attrdef><attrdefs>EPA</attrdefs><attalias Sync="TRUE">Composting</attalias><attrtype Sync="TRUE">Integer</attrtype><attwidth Sync="TRUE">10</attwidth><atprecis Sync="TRUE">10</atprecis><attscale Sync="TRUE">0</attscale></attr><attr><attrlabl>Demolition</attrlabl><attrdef>Yes is facility is a Demolition facility</attrdef><attrdefs>EPA</attrdefs><attalias Sync="TRUE">Demolition</attalias><attrtype Sync="TRUE">Integer</attrtype><attwidth Sync="TRUE">10</attwidth><atprecis Sync="TRUE">10</atprecis><attscale Sync="TRUE">0</attscale></attr><attr><attrlabl>Electronic</attrlabl><attrdef>Yes is facility is an Electronics recycling facility</attrdef><attrdefs>EPA</attrdefs><attalias Sync="TRUE">Electronic</attalias><attrtype Sync="TRUE">Integer</attrtype><attwidth Sync="TRUE">10</attwidth><atprecis Sync="TRUE">10</atprecis><attscale Sync="TRUE">0</attscale></attr><attr><attrlabl>HHW</attrlabl><attrdef>Yes is facility is a Household Hazardous Waste collection facility</attrdef><attrdefs>EPA</attrdefs><attalias Sync="TRUE">HHW</attalias><attrtype Sync="TRUE">Integer</attrtype><attwidth Sync="TRUE">10</attwidth><atprecis Sync="TRUE">10</atprecis><attscale Sync="TRUE">0</attscale></attr><attr><attrlabl>Metals</attrlabl><attrdef>Yes is facility is a Metals recycling facility</attrdef><attrdefs>EPA</attrdefs><attalias Sync="TRUE">Metals</attalias><attrtype Sync="TRUE">Integer</attrtype><attwidth Sync="TRUE">10</attwidth><atprecis Sync="TRUE">10</atprecis><attscale Sync="TRUE">0</attscale></attr><attr><attrlabl>Tires</attrlabl><attrdef>Yes is facility is a Tire recycling facility</attrdef><attrdefs>EPA</attrdefs><attalias Sync="TRUE">Tires</attalias><attrtype Sync="TRUE">Integer</attrtype><attwidth Sync="TRUE">10</attwidth><atprecis Sync="TRUE">10</atprecis><attscale Sync="TRUE">0</attscale></attr><attr><attrlabl>Transfer_S</attrlabl><attrdef>Yes is facility is a Transfer Station facility</attrdef><attrdefs>EPA</attrdefs><attalias Sync="TRUE">Transfer_S</attalias><attrtype Sync="TRUE">Integer</attrtype><attwidth Sync="TRUE">10</attwidth><atprecis Sync="TRUE">10</atprecis><attscale Sync="TRUE">0</attscale></attr><attr><attrlabl>Vehicles</attrlabl><attrdef>Yes is facility is a Vehicle recycling facility</attrdef><attrdefs>EPA</attrdefs><attalias Sync="TRUE">Vehicles</attalias><attrtype Sync="TRUE">Integer</attrtype><attwidth Sync="TRUE">10</attwidth><atprecis Sync="TRUE">10</atprecis><attscale Sync="TRUE">0</attscale></attr><attr><attrlabl>LF_C_D</attrlabl><attrdef>Yes is facility is a landfill facility accepting construction and demolition waste.</attrdef><attrdefs>EPA</attrdefs><attalias Sync="TRUE">LF_C_D</attalias><attrtype Sync="TRUE">Integer</attrtype><attwidth Sync="TRUE">10</attwidth><atprecis Sync="TRUE">10</atprecis><attscale Sync="TRUE">0</attscale></attr><attr><attrlabl>LF_HW</attrlabl><attrdef>Yes is facility is a landfill facility accepting RCRA C hazardous waste.</attrdef><attalias Sync="TRUE">LF_HW</attalias><attrtype Sync="TRUE">Integer</attrtype><attwidth Sync="TRUE">10</attwidth><atprecis Sync="TRUE">10</atprecis><attscale Sync="TRUE">0</attscale></attr><attr><attrlabl>LF_MSW</attrlabl><attrdef>Yes is facility is a landfill facility accepting municipal solid waste.</attrdef><attrdefs>EPA</attrdefs><attalias Sync="TRUE">LF_MSW</attalias><attrtype Sync="TRUE">Integer</attrtype><attwidth Sync="TRUE">10</attwidth><atprecis Sync="TRUE">10</atprecis><attscale Sync="TRUE">0</attscale></attr></detailed></eainfo><mdHrLvName>dataset</mdHrLvName><spatRepInfo><VectSpatRep><geometObjs Name="EPA_Recovery_Centers"><geoObjTyp><GeoObjTypCd value="004" Sync="TRUE"></GeoObjTypCd></geoObjTyp><geoObjCnt Sync="TRUE">0</geoObjCnt></geometObjs><topLvl><TopoLevCd value="001" Sync="TRUE"></TopoLevCd></topLvl></VectSpatRep></spatRepInfo><spdoinfo><ptvctinf><esriterm Name="EPA_Recovery_Centers"><efeatyp Sync="TRUE">Simple</efeatyp><efeageom code="1" Sync="TRUE"></efeageom><esritopo Sync="TRUE">FALSE</esritopo><efeacnt Sync="TRUE">0</efeacnt><spindex Sync="TRUE">FALSE</spindex><linrefer Sync="TRUE">FALSE</linrefer></esriterm></ptvctinf></spdoinfo><Esri><DataProperties><itemProps><itemName Sync="TRUE">EPA_Recovery_Centers</itemName><imsContentType Sync="TRUE">002</imsContentType><itemSize Sync="TRUE">0.000</itemSize><itemLocation><linkage Sync="TRUE">file://\\IST-FACBMTW-2\C$\Users\bmtski\RIT\Dissertation\presentations\CRC_Press_Book\Second_Edition\Chapters\chapter_8_GIS_and_disaster_recovery\C8_Exercises\Exercise_8_1\Datatsets\EPA_Recovery_Centers.shp</linkage><protocol Sync="TRUE">Local Area Network</protocol></itemLocation></itemProps><coordRef><type Sync="TRUE">Geographic</type><geogcsn Sync="TRUE">GCS_NAD_1983_2011</geogcsn><csUnits Sync="TRUE">Angular Unit: Degree (0.017453)</csUnits><peXml Sync="TRUE">&lt;GeographicCoordinateSystem xsi:type='typens:GeographicCoordinateSystem' xmlns:xsi='http://www.w3.org/2001/XMLSchema-instance' xmlns:xs='http://www.w3.org/2001/XMLSchema' xmlns:typens='http://www.esri.com/schemas/ArcGIS/2.4.0'&gt;&lt;WKT&gt;GEOGCS[&amp;quot;GCS_NAD_1983_2011&amp;quot;,DATUM[&amp;quot;D_NAD_1983_2011&amp;quot;,SPHEROID[&amp;quot;GRS_1980&amp;quot;,6378137.0,298.257222101]],PRIMEM[&amp;quot;Greenwich&amp;quot;,0.0],UNIT[&amp;quot;Degree&amp;quot;,0.0174532925199433],AUTHORITY[&amp;quot;EPSG&amp;quot;,6318]]&lt;/WKT&gt;&lt;XOrigin&gt;-400&lt;/XOrigin&gt;&lt;YOrigin&gt;-400&lt;/YOrigin&gt;&lt;XYScale&gt;11258999068426.238&lt;/XYScale&gt;&lt;ZOrigin&gt;-100000&lt;/ZOrigin&gt;&lt;ZScale&gt;10000&lt;/ZScale&gt;&lt;MOrigin&gt;-100000&lt;/MOrigin&gt;&lt;MScale&gt;10000&lt;/MScale&gt;&lt;XYTolerance&gt;8.9831528411952133e-09&lt;/XYTolerance&gt;&lt;ZTolerance&gt;0.001&lt;/ZTolerance&gt;&lt;MTolerance&gt;0.001&lt;/MTolerance&gt;&lt;HighPrecision&gt;true&lt;/HighPrecision&gt;&lt;LeftLongitude&gt;-180&lt;/LeftLongitude&gt;&lt;WKID&gt;104145&lt;/WKID&gt;&lt;LatestWKID&gt;6318&lt;/LatestWKID&gt;&lt;/GeographicCoordinateSystem&gt;</peXml></coordRef><lineage><Process ToolSource="c:\program files\arcgis\pro\Resources\ArcToolbox\toolboxes\Conversion Tools.tbx\FeatureClassToFeatureClass" Date="20190831" Time="172102">FeatureClassToFeatureClass Recovery C:\Users\bmtski\RIT\Dissertation\presentations\CRC_Press_Book\Second_Edition\Chapters\chapter_8_GIS_and_disaster_recovery\C8_Exercises\Exercise_8_1\Datatsets EPA_Recovery_Centers.shp # "Company "Company" true true false 254 Text 0 0,First,#,Recovery,Company,0,254;Address "Address" true true false 254 Text 0 0,First,#,Recovery,Address,0,254;City "City" true true false 254 Text 0 0,First,#,Recovery,City,0,254;State "State" true true false 254 Text 0 0,First,#,Recovery,State,0,254;Zip "Zip" true true false 8 Double 0 0,First,#,Recovery,Zip,-1,-1;Phone "Phone" true true false 254 Text 0 0,First,#,Recovery,Phone,0,254;Latitude "Latitude" true true false 8 Double 0 0,First,#,Recovery,Latitude,-1,-1;Longitude "Longitude" true true false 8 Double 0 0,First,#,Recovery,Longitude,-1,-1;Recovery "Recovery" true true false 4 Long 0 0,First,#,Recovery,Recovery,-1,-1;Landfill "Landfill" true true false 4 Long 0 0,First,#,Recovery,Landfill,-1,-1;C_D "C_D" true true false 4 Long 0 0,First,#,Recovery,C_D,-1,-1;Composting "Composting" true true false 4 Long 0 0,First,#,Recovery,Composting,-1,-1;Demolition "Demolition" true true false 4 Long 0 0,First,#,Recovery,Demolition,-1,-1;Electronic "Electronic" true true false 4 Long 0 0,First,#,Recovery,Electronic,-1,-1;HHW "HHW" true true false 4 Long 0 0,First,#,Recovery,HHW,-1,-1;Metals "Metals" true true false 4 Long 0 0,First,#,Recovery,Metals,-1,-1;Tires "Tires" true true false 4 Long 0 0,First,#,Recovery,Tires,-1,-1;Transfer_S "Transfer_S" true true false 4 Long 0 0,First,#,Recovery,Transfer_S,-1,-1;Vehicles "Vehicles" true true false 4 Long 0 0,First,#,Recovery,Vehicles,-1,-1;LF_C_D "LF_C_D" true true false 4 Long 0 0,First,#,Recovery,LF_C_D,-1,-1;LF_HW "LF_HW" true true false 4 Long 0 0,First,#,Recovery,LF_HW,-1,-1;LF_MSW "LF_MSW" true true false 4 Long 0 0,First,#,Recovery,LF_MSW,-1,-1" #</Process></lineage></DataProperties><SyncDate>20190831</SyncDate><SyncTime>17210100</SyncTime><ModDate>20190831</ModDate><ModTime>17210100</ModTime></Esri></metadata>
