<?xml version="1.0" encoding="UTF-8"?>
<metadata xml:lang="en"><Esri><CreaDate>20190831</CreaDate><CreaTime>17583700</CreaTime><ArcGISFormat>1.0</ArcGISFormat><SyncOnce>FALSE</SyncOnce><DataProperties><itemProps><itemName Sync="TRUE">Street_Centerlines_Subset</itemName><imsContentType Sync="TRUE">002</imsContentType><itemSize Sync="TRUE">0.000</itemSize><itemLocation><linkage Sync="TRUE">file://\\IST-FACBMTW-2\C$\Users\bmtski\RIT\Dissertation\presentations\CRC_Press_Book\Second_Edition\Chapters\chapter_8_GIS_and_disaster_recovery\C8_Exercises\Exercise_8_1\Datatsets\Street_Centerlines_Subset.shp</linkage><protocol Sync="TRUE">Local Area Network</protocol></itemLocation></itemProps><coordRef><type Sync="TRUE">Geographic</type><geogcsn Sync="TRUE">GCS_WGS_1984</geogcsn><csUnits Sync="TRUE">Angular Unit: Degree (0.017453)</csUnits><peXml Sync="TRUE">&lt;GeographicCoordinateSystem xsi:type='typens:GeographicCoordinateSystem' xmlns:xsi='http://www.w3.org/2001/XMLSchema-instance' xmlns:xs='http://www.w3.org/2001/XMLSchema' xmlns:typens='http://www.esri.com/schemas/ArcGIS/2.4.0'&gt;&lt;WKT&gt;GEOGCS[&amp;quot;GCS_WGS_1984&amp;quot;,DATUM[&amp;quot;D_WGS_1984&amp;quot;,SPHEROID[&amp;quot;WGS_1984&amp;quot;,6378137.0,298.257223563]],PRIMEM[&amp;quot;Greenwich&amp;quot;,0.0],UNIT[&amp;quot;Degree&amp;quot;,0.0174532925199433],AUTHORITY[&amp;quot;EPSG&amp;quot;,4326]]&lt;/WKT&gt;&lt;XOrigin&gt;-400&lt;/XOrigin&gt;&lt;YOrigin&gt;-400&lt;/YOrigin&gt;&lt;XYScale&gt;11258999068426.238&lt;/XYScale&gt;&lt;ZOrigin&gt;-100000&lt;/ZOrigin&gt;&lt;ZScale&gt;10000&lt;/ZScale&gt;&lt;MOrigin&gt;-100000&lt;/MOrigin&gt;&lt;MScale&gt;10000&lt;/MScale&gt;&lt;XYTolerance&gt;8.983152841195215e-09&lt;/XYTolerance&gt;&lt;ZTolerance&gt;0.001&lt;/ZTolerance&gt;&lt;MTolerance&gt;0.001&lt;/MTolerance&gt;&lt;HighPrecision&gt;true&lt;/HighPrecision&gt;&lt;LeftLongitude&gt;-180&lt;/LeftLongitude&gt;&lt;WKID&gt;4326&lt;/WKID&gt;&lt;LatestWKID&gt;4326&lt;/LatestWKID&gt;&lt;/GeographicCoordinateSystem&gt;</peXml></coordRef><lineage><Process ToolSource="c:\program files\arcgis\pro\Resources\ArcToolbox\toolboxes\Conversion Tools.tbx\FeatureClassToFeatureClass" Date="20190831" Time="175851">FeatureClassToFeatureClass Street_Centerlines C:\Users\bmtski\RIT\Dissertation\presentations\CRC_Press_Book\Second_Edition\Chapters\chapter_8_GIS_and_disaster_recovery\C8_Exercises\Exercise_8_1\Datatsets Street_Centerlines_Subset.shp # "OBJECTID "OBJECTID" true true false 10 Long 0 10,First,#,Street_Centerlines,OBJECTID,-1,-1;STRDIR "STRDIR" true true false 80 Text 0 0,First,#,Street_Centerlines,STRDIR,0,80;STRNAME "STRNAME" true true false 80 Text 0 0,First,#,Street_Centerlines,STRNAME,0,80;STRSUF "STRSUF" true true false 80 Text 0 0,First,#,Street_Centerlines,STRSUF,0,80;FULL_NAME "FULL_NAME" true true false 80 Text 0 0,First,#,Street_Centerlines,FULL_NAME,0,80;ALIAS "ALIAS" true true false 80 Text 0 0,First,#,Street_Centerlines,ALIAS,0,80;LEFTADD1 "LEFTADD1" true true false 10 Long 0 10,First,#,Street_Centerlines,LEFTADD1,-1,-1;LEFTADD2 "LEFTADD2" true true false 10 Long 0 10,First,#,Street_Centerlines,LEFTADD2,-1,-1;RIGHTADD1 "RIGHTADD1" true true false 10 Long 0 10,First,#,Street_Centerlines,RIGHTADD1,-1,-1;RIGHTADD2 "RIGHTADD2" true true false 10 Long 0 10,First,#,Street_Centerlines,RIGHTADD2,-1,-1;CITYLEFT "CITYLEFT" true true false 80 Text 0 0,First,#,Street_Centerlines,CITYLEFT,0,80;CITYRIGHT "CITYRIGHT" true true false 80 Text 0 0,First,#,Street_Centerlines,CITYRIGHT,0,80;ZIPLEFT "ZIPLEFT" true true false 80 Text 0 0,First,#,Street_Centerlines,ZIPLEFT,0,80;ZIPRIGHT "ZIPRIGHT" true true false 80 Text 0 0,First,#,Street_Centerlines,ZIPRIGHT,0,80;SYMBOL "SYMBOL" true true false 80 Text 0 0,First,#,Street_Centerlines,SYMBOL,0,80;HWYCLASS "HWYCLASS" true true false 80 Text 0 0,First,#,Street_Centerlines,HWYCLASS,0,80;RAMPFROM "RAMPFROM" true true false 80 Text 0 0,First,#,Street_Centerlines,RAMPFROM,0,80;RAMPTO "RAMPTO" true true false 80 Text 0 0,First,#,Street_Centerlines,RAMPTO,0,80;EXITNO "EXITNO" true true false 80 Text 0 0,First,#,Street_Centerlines,EXITNO,0,80;DTBORN "DTBORN" true true false 80 Text 0 0,First,#,Street_Centerlines,DTBORN,0,80;DTDIED "DTDIED" true true false 80 Text 0 0,First,#,Street_Centerlines,DTDIED,0,80;EDIT_SOURC "EDIT_SOURC" true true false 80 Text 0 0,First,#,Street_Centerlines,EDIT_SOURC,0,80;TDIR "TDIR" true true false 80 Text 0 0,First,#,Street_Centerlines,TDIR,0,80;last_edite "last_edite" true true false 80 Text 0 0,First,#,Street_Centerlines,last_edite,0,80;GlobalID "GlobalID" true true false 80 Text 0 0,First,#,Street_Centerlines,GlobalID,0,80;STRPRE "STRPRE" true true false 80 Text 0 0,First,#,Street_Centerlines,STRPRE,0,80;ONEWAY "ONEWAY" true true false 80 Text 0 0,First,#,Street_Centerlines,ONEWAY,0,80;COUNTYLEFT "COUNTYLEFT" true true false 80 Text 0 0,First,#,Street_Centerlines,COUNTYLEFT,0,80;COUNTYRIGH "COUNTYRIGH" true true false 80 Text 0 0,First,#,Street_Centerlines,COUNTYRIGH,0,80;MSAG_COMMU "MSAG_COMMU" true true false 80 Text 0 0,First,#,Street_Centerlines,MSAG_COMMU,0,80;MSAG_COM_1 "MSAG_COM_1" true true false 80 Text 0 0,First,#,Street_Centerlines,MSAG_COM_1,0,80;ROAD_CENTE "ROAD_CENTE" true true false 10 Long 0 10,First,#,Street_Centerlines,ROAD_CENTE,-1,-1;LAST_EDITO "LAST_EDITO" true true false 80 Text 0 0,First,#,Street_Centerlines,LAST_EDITO,0,80;LAST_EDIT_ "LAST_EDIT_" true true false 80 Text 0 0,First,#,Street_Centerlines,LAST_EDIT_,0,80;EDIT_COUNT "EDIT_COUNT" true true false 80 Text 0 0,First,#,Street_Centerlines,EDIT_COUNT,0,80;STATUS "STATUS" true true false 80 Text 0 0,First,#,Street_Centerlines,STATUS,0,80" #</Process></lineage></DataProperties><SyncDate>20190831</SyncDate><SyncTime>17583700</SyncTime><ModDate>20190831</ModDate><ModTime>17583700</ModTime></Esri><dataIdInfo><envirDesc Sync="TRUE">Microsoft Windows 10 Version 10.0 (Build 15063) ; Esri ArcGIS 12.4.0.19948</envirDesc><dataLang><languageCode value="eng" Sync="TRUE"></languageCode><countryCode value="USA" Sync="TRUE"></countryCode></dataLang><idCitation><resTitle Sync="TRUE">Street_Centerlines_Subset</resTitle><presForm><PresFormCd value="005" Sync="TRUE"></PresFormCd></presForm></idCitation><spatRpType><SpatRepTypCd value="001" Sync="TRUE"></SpatRepTypCd></spatRpType></dataIdInfo><mdLang><languageCode value="eng" Sync="TRUE"></languageCode><countryCode value="USA" Sync="TRUE"></countryCode></mdLang><mdChar><CharSetCd value="004" Sync="TRUE"></CharSetCd></mdChar><distInfo><distFormat><formatName Sync="TRUE">Shapefile</formatName></distFormat><distTranOps><transSize Sync="TRUE">0.000</transSize></distTranOps></distInfo><mdHrLv><ScopeCd value="005" Sync="TRUE"></ScopeCd></mdHrLv><mdHrLvName Sync="TRUE">dataset</mdHrLvName><refSysInfo><RefSystem><refSysID><identCode code="4326" Sync="TRUE"></identCode><idCodeSpace Sync="TRUE">EPSG</idCodeSpace><idVersion Sync="TRUE">6.14(3.0.1)</idVersion></refSysID></RefSystem></refSysInfo><spatRepInfo><VectSpatRep><geometObjs Name="Street_Centerlines_Subset"><geoObjTyp><GeoObjTypCd value="002" Sync="TRUE"></GeoObjTypCd></geoObjTyp><geoObjCnt Sync="TRUE">0</geoObjCnt></geometObjs><topLvl><TopoLevCd value="001" Sync="TRUE"></TopoLevCd></topLvl></VectSpatRep></spatRepInfo><spdoinfo><ptvctinf><esriterm Name="Street_Centerlines_Subset"><efeatyp Sync="TRUE">Simple</efeatyp><efeageom code="3" Sync="TRUE"></efeageom><esritopo Sync="TRUE">FALSE</esritopo><efeacnt Sync="TRUE">0</efeacnt><spindex Sync="TRUE">FALSE</spindex><linrefer Sync="TRUE">FALSE</linrefer></esriterm></ptvctinf></spdoinfo><eainfo><detailed Name="Street_Centerlines_Subset"><enttyp><enttypl Sync="TRUE">Street_Centerlines_Subset</enttypl><enttypt Sync="TRUE">Feature Class</enttypt><enttypc Sync="TRUE">0</enttypc></enttyp><attr><attrlabl Sync="TRUE">FID</attrlabl><attalias Sync="TRUE">FID</attalias><attrtype Sync="TRUE">OID</attrtype><attwidth Sync="TRUE">4</attwidth><atprecis Sync="TRUE">0</atprecis><attscale Sync="TRUE">0</attscale><attrdef Sync="TRUE">Internal feature number.</attrdef><attrdefs Sync="TRUE">Esri</attrdefs><attrdomv><udom Sync="TRUE">Sequential unique whole numbers that are automatically generated.</udom></attrdomv></attr><attr><attrlabl Sync="TRUE">Shape</attrlabl><attalias Sync="TRUE">Shape</attalias><attrtype Sync="TRUE">Geometry</attrtype><attwidth Sync="TRUE">0</attwidth><atprecis Sync="TRUE">0</atprecis><attscale Sync="TRUE">0</attscale><attrdef Sync="TRUE">Feature geometry.</attrdef><attrdefs Sync="TRUE">Esri</attrdefs><attrdomv><udom Sync="TRUE">Coordinates defining the features.</udom></attrdomv></attr><attr><attrlabl Sync="TRUE">OBJECTID</attrlabl><attalias Sync="TRUE">OBJECTID</attalias><attrtype Sync="TRUE">Integer</attrtype><attwidth Sync="TRUE">10</attwidth><atprecis Sync="TRUE">10</atprecis><attscale Sync="TRUE">0</attscale></attr><attr><attrlabl Sync="TRUE">STRDIR</attrlabl><attalias Sync="TRUE">STRDIR</attalias><attrtype Sync="TRUE">String</attrtype><attwidth Sync="TRUE">80</attwidth><atprecis Sync="TRUE">0</atprecis><attscale Sync="TRUE">0</attscale></attr><attr><attrlabl Sync="TRUE">STRNAME</attrlabl><attalias Sync="TRUE">STRNAME</attalias><attrtype Sync="TRUE">String</attrtype><attwidth Sync="TRUE">80</attwidth><atprecis Sync="TRUE">0</atprecis><attscale Sync="TRUE">0</attscale></attr><attr><attrlabl Sync="TRUE">STRSUF</attrlabl><attalias Sync="TRUE">STRSUF</attalias><attrtype Sync="TRUE">String</attrtype><attwidth Sync="TRUE">80</attwidth><atprecis Sync="TRUE">0</atprecis><attscale Sync="TRUE">0</attscale></attr><attr><attrlabl Sync="TRUE">FULL_NAME</attrlabl><attalias Sync="TRUE">FULL_NAME</attalias><attrtype Sync="TRUE">String</attrtype><attwidth Sync="TRUE">80</attwidth><atprecis Sync="TRUE">0</atprecis><attscale Sync="TRUE">0</attscale></attr><attr><attrlabl Sync="TRUE">ALIAS</attrlabl><attalias Sync="TRUE">ALIAS</attalias><attrtype Sync="TRUE">String</attrtype><attwidth Sync="TRUE">80</attwidth><atprecis Sync="TRUE">0</atprecis><attscale Sync="TRUE">0</attscale></attr><attr><attrlabl Sync="TRUE">LEFTADD1</attrlabl><attalias Sync="TRUE">LEFTADD1</attalias><attrtype Sync="TRUE">Integer</attrtype><attwidth Sync="TRUE">10</attwidth><atprecis Sync="TRUE">10</atprecis><attscale Sync="TRUE">0</attscale></attr><attr><attrlabl Sync="TRUE">LEFTADD2</attrlabl><attalias Sync="TRUE">LEFTADD2</attalias><attrtype Sync="TRUE">Integer</attrtype><attwidth Sync="TRUE">10</attwidth><atprecis Sync="TRUE">10</atprecis><attscale Sync="TRUE">0</attscale></attr><attr><attrlabl Sync="TRUE">RIGHTADD1</attrlabl><attalias Sync="TRUE">RIGHTADD1</attalias><attrtype Sync="TRUE">Integer</attrtype><attwidth Sync="TRUE">10</attwidth><atprecis Sync="TRUE">10</atprecis><attscale Sync="TRUE">0</attscale></attr><attr><attrlabl Sync="TRUE">RIGHTADD2</attrlabl><attalias Sync="TRUE">RIGHTADD2</attalias><attrtype Sync="TRUE">Integer</attrtype><attwidth Sync="TRUE">10</attwidth><atprecis Sync="TRUE">10</atprecis><attscale Sync="TRUE">0</attscale></attr><attr><attrlabl Sync="TRUE">CITYLEFT</attrlabl><attalias Sync="TRUE">CITYLEFT</attalias><attrtype Sync="TRUE">String</attrtype><attwidth Sync="TRUE">80</attwidth><atprecis Sync="TRUE">0</atprecis><attscale Sync="TRUE">0</attscale></attr><attr><attrlabl Sync="TRUE">CITYRIGHT</attrlabl><attalias Sync="TRUE">CITYRIGHT</attalias><attrtype Sync="TRUE">String</attrtype><attwidth Sync="TRUE">80</attwidth><atprecis Sync="TRUE">0</atprecis><attscale Sync="TRUE">0</attscale></attr><attr><attrlabl Sync="TRUE">ZIPLEFT</attrlabl><attalias Sync="TRUE">ZIPLEFT</attalias><attrtype Sync="TRUE">String</attrtype><attwidth Sync="TRUE">80</attwidth><atprecis Sync="TRUE">0</atprecis><attscale Sync="TRUE">0</attscale></attr><attr><attrlabl Sync="TRUE">ZIPRIGHT</attrlabl><attalias Sync="TRUE">ZIPRIGHT</attalias><attrtype Sync="TRUE">String</attrtype><attwidth Sync="TRUE">80</attwidth><atprecis Sync="TRUE">0</atprecis><attscale Sync="TRUE">0</attscale></attr><attr><attrlabl Sync="TRUE">SYMBOL</attrlabl><attalias Sync="TRUE">SYMBOL</attalias><attrtype Sync="TRUE">String</attrtype><attwidth Sync="TRUE">80</attwidth><atprecis Sync="TRUE">0</atprecis><attscale Sync="TRUE">0</attscale></attr><attr><attrlabl Sync="TRUE">HWYCLASS</attrlabl><attalias Sync="TRUE">HWYCLASS</attalias><attrtype Sync="TRUE">String</attrtype><attwidth Sync="TRUE">80</attwidth><atprecis Sync="TRUE">0</atprecis><attscale Sync="TRUE">0</attscale></attr><attr><attrlabl Sync="TRUE">RAMPFROM</attrlabl><attalias Sync="TRUE">RAMPFROM</attalias><attrtype Sync="TRUE">String</attrtype><attwidth Sync="TRUE">80</attwidth><atprecis Sync="TRUE">0</atprecis><attscale Sync="TRUE">0</attscale></attr><attr><attrlabl Sync="TRUE">RAMPTO</attrlabl><attalias Sync="TRUE">RAMPTO</attalias><attrtype Sync="TRUE">String</attrtype><attwidth Sync="TRUE">80</attwidth><atprecis Sync="TRUE">0</atprecis><attscale Sync="TRUE">0</attscale></attr><attr><attrlabl Sync="TRUE">EXITNO</attrlabl><attalias Sync="TRUE">EXITNO</attalias><attrtype Sync="TRUE">String</attrtype><attwidth Sync="TRUE">80</attwidth><atprecis Sync="TRUE">0</atprecis><attscale Sync="TRUE">0</attscale></attr><attr><attrlabl Sync="TRUE">DTBORN</attrlabl><attalias Sync="TRUE">DTBORN</attalias><attrtype Sync="TRUE">String</attrtype><attwidth Sync="TRUE">80</attwidth><atprecis Sync="TRUE">0</atprecis><attscale Sync="TRUE">0</attscale></attr><attr><attrlabl Sync="TRUE">DTDIED</attrlabl><attalias Sync="TRUE">DTDIED</attalias><attrtype Sync="TRUE">String</attrtype><attwidth Sync="TRUE">80</attwidth><atprecis Sync="TRUE">0</atprecis><attscale Sync="TRUE">0</attscale></attr><attr><attrlabl Sync="TRUE">EDIT_SOURC</attrlabl><attalias Sync="TRUE">EDIT_SOURC</attalias><attrtype Sync="TRUE">String</attrtype><attwidth Sync="TRUE">80</attwidth><atprecis Sync="TRUE">0</atprecis><attscale Sync="TRUE">0</attscale></attr><attr><attrlabl Sync="TRUE">TDIR</attrlabl><attalias Sync="TRUE">TDIR</attalias><attrtype Sync="TRUE">String</attrtype><attwidth Sync="TRUE">80</attwidth><atprecis Sync="TRUE">0</atprecis><attscale Sync="TRUE">0</attscale></attr><attr><attrlabl Sync="TRUE">last_edite</attrlabl><attalias Sync="TRUE">last_edite</attalias><attrtype Sync="TRUE">String</attrtype><attwidth Sync="TRUE">80</attwidth><atprecis Sync="TRUE">0</atprecis><attscale Sync="TRUE">0</attscale></attr><attr><attrlabl Sync="TRUE">GlobalID</attrlabl><attalias Sync="TRUE">GlobalID</attalias><attrtype Sync="TRUE">String</attrtype><attwidth Sync="TRUE">80</attwidth><atprecis Sync="TRUE">0</atprecis><attscale Sync="TRUE">0</attscale></attr><attr><attrlabl Sync="TRUE">STRPRE</attrlabl><attalias Sync="TRUE">STRPRE</attalias><attrtype Sync="TRUE">String</attrtype><attwidth Sync="TRUE">80</attwidth><atprecis Sync="TRUE">0</atprecis><attscale Sync="TRUE">0</attscale></attr><attr><attrlabl Sync="TRUE">ONEWAY</attrlabl><attalias Sync="TRUE">ONEWAY</attalias><attrtype Sync="TRUE">String</attrtype><attwidth Sync="TRUE">80</attwidth><atprecis Sync="TRUE">0</atprecis><attscale Sync="TRUE">0</attscale></attr><attr><attrlabl Sync="TRUE">COUNTYLEFT</attrlabl><attalias Sync="TRUE">COUNTYLEFT</attalias><attrtype Sync="TRUE">String</attrtype><attwidth Sync="TRUE">80</attwidth><atprecis Sync="TRUE">0</atprecis><attscale Sync="TRUE">0</attscale></attr><attr><attrlabl Sync="TRUE">COUNTYRIGH</attrlabl><attalias Sync="TRUE">COUNTYRIGH</attalias><attrtype Sync="TRUE">String</attrtype><attwidth Sync="TRUE">80</attwidth><atprecis Sync="TRUE">0</atprecis><attscale Sync="TRUE">0</attscale></attr><attr><attrlabl Sync="TRUE">MSAG_COMMU</attrlabl><attalias Sync="TRUE">MSAG_COMMU</attalias><attrtype Sync="TRUE">String</attrtype><attwidth Sync="TRUE">80</attwidth><atprecis Sync="TRUE">0</atprecis><attscale Sync="TRUE">0</attscale></attr><attr><attrlabl Sync="TRUE">MSAG_COM_1</attrlabl><attalias Sync="TRUE">MSAG_COM_1</attalias><attrtype Sync="TRUE">String</attrtype><attwidth Sync="TRUE">80</attwidth><atprecis Sync="TRUE">0</atprecis><attscale Sync="TRUE">0</attscale></attr><attr><attrlabl Sync="TRUE">ROAD_CENTE</attrlabl><attalias Sync="TRUE">ROAD_CENTE</attalias><attrtype Sync="TRUE">Integer</attrtype><attwidth Sync="TRUE">10</attwidth><atprecis Sync="TRUE">10</atprecis><attscale Sync="TRUE">0</attscale></attr><attr><attrlabl Sync="TRUE">LAST_EDITO</attrlabl><attalias Sync="TRUE">LAST_EDITO</attalias><attrtype Sync="TRUE">String</attrtype><attwidth Sync="TRUE">80</attwidth><atprecis Sync="TRUE">0</atprecis><attscale Sync="TRUE">0</attscale></attr><attr><attrlabl Sync="TRUE">LAST_EDIT_</attrlabl><attalias Sync="TRUE">LAST_EDIT_</attalias><attrtype Sync="TRUE">String</attrtype><attwidth Sync="TRUE">80</attwidth><atprecis Sync="TRUE">0</atprecis><attscale Sync="TRUE">0</attscale></attr><attr><attrlabl Sync="TRUE">EDIT_COUNT</attrlabl><attalias Sync="TRUE">EDIT_COUNT</attalias><attrtype Sync="TRUE">String</attrtype><attwidth Sync="TRUE">80</attwidth><atprecis Sync="TRUE">0</atprecis><attscale Sync="TRUE">0</attscale></attr><attr><attrlabl Sync="TRUE">STATUS</attrlabl><attalias Sync="TRUE">STATUS</attalias><attrtype Sync="TRUE">String</attrtype><attwidth Sync="TRUE">80</attwidth><atprecis Sync="TRUE">0</atprecis><attscale Sync="TRUE">0</attscale></attr></detailed></eainfo><mdDateSt Sync="TRUE">20190831</mdDateSt></metadata>
